keyword,score,cluster,intent,sources,article_title,slug
룬 문자 뜻,31,meanings,meaning_lookup,google_suggest_ko_KR|google_suggest_en_US|naver_ac|manual_seed,룬 문자 뜻: 룬 문자 뜻과 해석 기준,rune-letters-meaning
룬 점술,31,reading,divination,google_suggest_ko_KR|google_suggest_en_US,룬 점술: 룬스 초보 가이드,rune-divination
룬문자 뜻,31,meanings,meaning_lookup,google_suggest_ko_KR|google_suggest_en_US|manual_seed,룬문자 뜻: 룬 문자 뜻과 해석 기준,rune-letters-meaning
룬스톤,31,rune_stones,general,google_suggest_ko_KR|google_suggest_en_US|naver_ac,룬스톤: 룬스 초보 가이드,rune-stones
룬스톤 구매,31,rune_stones,commercial,google_suggest_ko_KR|google_suggest_en_US|manual_seed,룬스톤 구매: 룬스 초보 가이드,rune-stones-buying
룬스톤 리딩,31,rune_stones,divination,google_suggest_ko_KR|google_suggest_en_US,룬스톤 리딩: 룬스 초보 가이드,rune-stones-reading
룬스톤 매뉴얼,31,rune_stones,general,google_suggest_ko_KR|google_suggest_en_US,룬스톤 매뉴얼: 룬스 초보 가이드,rune-stones-manual
룬스톤 보는 법,31,rune_stones,general,google_suggest_ko_KR|google_suggest_en_US,룬스톤 보는 법: 룬스 초보 가이드,rune-stones-reading-method
룬스톤 점,31,rune_stones,general,google_suggest_ko_KR|google_suggest_en_US,룬스톤 점: 룬스 초보 가이드,rune-stones
룬스톤 점술,31,rune_stones,divination,google_suggest_ko_KR|google_suggest_en_US|manual_seed,룬스톤 점술: 룬스 초보 가이드,rune-stones-divination
룬스톤 종류,31,rune_stones,general,google_suggest_ko_KR|google_suggest_en_US,룬스톤 종류: 룬스 초보 가이드,rune-stones-types
룬스톤 해석,31,rune_stones,meaning_lookup,google_suggest_ko_KR|google_suggest_en_US|naver_ac,룬스톤 해석: 룬스 초보 가이드,rune-stones-interpretation
룬스톤 해설서,31,rune_stones,general,google_suggest_ko_KR|google_suggest_en_US,룬스톤 해설서: 룬스 초보 가이드,rune-stones-guidebook
엘더 푸사르크,31,elder_futhark,history_factcheck,google_suggest_ko_KR|google_suggest_en_US,엘더 푸사르크: 엘더 푸사르크 입문자가 헷갈리는 핵심 정리,elder-futhark
룬 뜻,30,meanings,meaning_lookup,manual_seed,룬 뜻: 룬 문자 뜻과 해석 기준,rune-meaning
룬 리딩 방법,30,reading,how_to,manual_seed,룬 리딩 방법: 룬스 초보 가이드,rune-reading-method
룬 리딩 스프레드,30,reading,divination,manual_seed,룬 리딩 스프레드: 룬스 초보 가이드,rune-reading-spreads
룬 리딩 질문,30,reading,divination,manual_seed,룬 리딩 질문: 룬스 초보 가이드,rune-reading-questions
룬 문자 점술 사전,30,reading,divination,manual_seed,룬 문자 점술 사전: 룬스 초보 가이드,rune-letters-divination
룬 점술 방법,30,reading,how_to,manual_seed,룬 점술은 어떻게 보나요? 초보자를 위한 룬 리딩 순서,how-rune-divination-works
룬 캐스팅,30,casting,general,manual_seed,룬 캐스팅: 룬스톤을 던져 읽는 법,rune-casting
룬 캐스팅 천,30,casting,general,manual_seed,룬 캐스팅 천: 룬스톤을 던져 읽는 법,rune-casting
룬스톤 던지는 법,30,rune_stones,how_to,manual_seed,룬스톤 던지는 법: 초보자가 먼저 알아야 할 사용 순서,rune-stones-casting-method
룬스톤 뽑는 법,30,rune_stones,how_to,manual_seed,룬스톤 뽑는 법: 초보자가 먼저 알아야 할 사용 순서,rune-stones-drawing-method
룬스톤 사용법,30,rune_stones,how_to,manual_seed,룬스톤 사용법: 처음 산 사람이 바로 따라 하는 7단계,how-to-use-rune-stones
룬스톤 세트,30,rune_stones,commercial,manual_seed,룬스톤 세트: 룬스 초보 가이드,rune-stones-set
룬스톤 키트,30,rune_stones,commercial,manual_seed,룬스톤 키트: 룬스 초보 가이드,rune-stones-kit
엘더 푸사르크 24룬,30,elder_futhark,meaning_lookup,manual_seed,엘더 푸사르크 24룬 뜻 표,elder-futhark-24-runes-meaning-chart
엘더 푸사르크 뜻,30,elder_futhark,meaning_lookup,manual_seed,엘더 푸사르크 뜻: 엘더 푸사르크 입문자가 헷갈리는 핵심 정리,elder-futhark-meaning
엘더 푸사르크 룬 문자,30,elder_futhark,history_factcheck,manual_seed,엘더 푸사르크 룬 문자: 엘더 푸사르크 입문자가 헷갈리는 핵심 정리,elder-futhark-rune-letters
엘더 푸사르크 영거 푸사르크 차이,30,elder_futhark,history_factcheck,manual_seed,엘더 푸사르크 영거 푸사르크 차이: 엘더 푸사르크 입문자가 헷갈리는 핵심 정리,elder-futhark-younger-futhark
룬 문자 종류 뜻,26,meanings,meaning_lookup,naver_ac,룬 문자 종류 뜻: 룬 문자 뜻과 해석 기준,rune-letters-types-meaning
룬스톤 뜻,26,rune_stones,meaning_lookup,naver_ac|manual_seed,룬스톤 뜻: 룬스 초보 가이드,rune-stones-meaning
룬스톤 점치는법,26,rune_stones,general,naver_ac,룬스톤 점치는법: 룬스 초보 가이드,rune-stones-divination-method
룬스톤 추천,26,rune_stones,general,naver_ac,룬스톤 추천: 룬스 초보 가이드,rune-stones
룬스톤 카드,26,rune_stones,general,naver_ac,룬스톤 카드: 룬스 초보 가이드,rune-stones
룬스톤 타로,26,rune_stones,general,naver_ac,룬스톤 타로: 룬스 초보 가이드,rune-stones
룬스톤 하는방법,26,rune_stones,how_to,naver_ac,룬스톤 하는방법: 초보자가 먼저 알아야 할 사용 순서,rune-stones-method
푸사르크 뜻,26,elder_futhark,meaning_lookup,naver_ac,푸사르크 뜻: 엘더 푸사르크 입문자가 헷갈리는 핵심 정리,futhark-meaning
룬 문자,23,general,general,google_suggest_ko_KR|google_suggest_en_US,룬 문자: 룬스 초보 가이드,rune-letters
룬 문자 마법,23,general,general,google_suggest_ko_KR|google_suggest_en_US,룬 문자 마법: 룬스 초보 가이드,rune-letters
룬 문자 번역,23,general,general,google_suggest_ko_KR|google_suggest_en_US|naver_ac,룬 문자 번역: 룬스 초보 가이드,rune-letters
룬 문자 번역기,23,tools_tattoo,utility_or_creation,google_suggest_ko_KR|google_suggest_en_US|naver_ac|manual_seed,룬 문자 번역기: 룬스 초보 가이드,rune-letters-translator
룬 문자 변환기,23,tools_tattoo,utility_or_creation,google_suggest_ko_KR|google_suggest_en_US,룬 문자 변환기: 룬스 초보 가이드,rune-letters-converter
룬 문자 읽는 법,23,general,general,google_suggest_ko_KR|google_suggest_en_US,룬 문자 읽는 법: 룬스 초보 가이드,rune-letters
룬 문자 종류,23,general,general,google_suggest_ko_KR|google_suggest_en_US|naver_ac|manual_seed,룬 문자 종류: 룬스 초보 가이드,rune-letters-types
룬 문자 폰트,23,general,general,google_suggest_ko_KR|google_suggest_en_US,룬 문자 폰트: 룬스 초보 가이드,rune-letters
룬 문자 해석,23,meanings,meaning_lookup,google_suggest_ko_KR|google_suggest_en_US|manual_seed,룬 문자 해석: 룬 문자 뜻과 해석 기준,rune-letters-interpretation
룬레이,23,general,general,google_suggest_en_US,룬레이: 룬스 초보 가이드,rune
룬문자,23,general,general,google_suggest_ko_KR|google_suggest_en_US,룬문자: 룬스 초보 가이드,rune-letters
룬문자 번역,23,general,general,google_suggest_ko_KR,룬문자 번역: 룬스 초보 가이드,rune-letters
룬문자 번역기,23,tools_tattoo,utility_or_creation,google_suggest_ko_KR|google_suggest_en_US,룬문자 번역기: 룬스 초보 가이드,rune-letters-translator
룬문자 실타래,23,general,general,google_suggest_ko_KR|google_suggest_en_US,룬문자 실타래: 룬스 초보 가이드,rune-letters
룬문자 아케나이트 마법막대,23,general,general,google_suggest_ko_KR|google_suggest_en_US,룬문자 아케나이트 마법막대: 룬스 초보 가이드,rune-letters
룬문자 아케나이트 마법막대 도안,23,general,general,google_suggest_en_US,룬문자 아케나이트 마법막대 도안: 룬스 초보 가이드,rune-letters
룬문자 아케이나이트 마법막대,23,general,general,google_suggest_ko_KR|google_suggest_en_US,룬문자 아케이나이트 마법막대: 룬스 초보 가이드,rune-letters
룬문자 아케이나이트 마법막대 도안,23,general,general,google_suggest_ko_KR|google_suggest_en_US,룬문자 아케이나이트 마법막대 도안: 룬스 초보 가이드,rune-letters
룬문자 이터늄 마법막대,23,general,general,google_suggest_ko_KR|google_suggest_en_US,룬문자 이터늄 마법막대: 룬스 초보 가이드,rune-letters
룬문자 지옥무쇠 마법막대,23,general,general,google_suggest_ko_KR|google_suggest_en_US,룬문자 지옥무쇠 마법막대: 룬스 초보 가이드,rune-letters
룬워드,23,general,general,google_suggest_ko_KR|google_suggest_en_US,룬워드: 룬스 초보 가이드,rune
룬의 아이들,23,general,general,google_suggest_ko_KR|google_suggest_en_US,룬의 아이들: 룬스 초보 가이드,rune
바이킹 룬,23,history,history_factcheck,google_suggest_ko_KR|google_suggest_en_US,바이킹 룬: 룬스 초보 가이드,viking-rune
바이킹 룬문자,23,history,history_factcheck,google_suggest_ko_KR|google_suggest_en_US,바이킹 룬문자: 룬스 초보 가이드,viking-rune-letters
북유럽 룬,23,history,history_factcheck,google_suggest_ko_KR|google_suggest_en_US,북유럽 룬: 룬스 초보 가이드,norse-rune
북유럽 룬문자,23,history,history_factcheck,google_suggest_ko_KR|google_suggest_en_US,북유럽 룬문자: 룬스 초보 가이드,norse-rune-letters
북유럽 신화 룬,23,history,history_factcheck,google_suggest_ko_KR|google_suggest_en_US,북유럽 신화 룬: 룬스 초보 가이드,norse-rune
북유럽 신화 룬문자,23,history,history_factcheck,google_suggest_ko_KR|google_suggest_en_US,북유럽 신화 룬문자: 룬스 초보 가이드,norse-rune-letters
북유럽 신화 시그룬,23,history,history_factcheck,google_suggest_ko_KR|google_suggest_en_US,북유럽 신화 시그룬: 룬스 초보 가이드,norse-rune
영거 푸사르크,23,elder_futhark,history_factcheck,google_suggest_ko_KR|google_suggest_en_US|manual_seed,영거 푸사르크: 엘더 푸사르크 입문자가 헷갈리는 핵심 정리,younger-futhark
푸사르크,23,elder_futhark,history_factcheck,google_suggest_ko_KR|google_suggest_en_US,푸사르크: 엘더 푸사르크 입문자가 헷갈리는 핵심 정리,futhark
rune 뜻,23,meanings,meaning_lookup,google_suggest_ko_KR,rune 뜻: 룬 문자 뜻과 해석 기준,rune-meaning
25번째 룬,22,general,general,manual_seed,25번째 룬: 룬스 초보 가이드,25-rune
고대 룬 문자,22,history,history_factcheck,manual_seed,고대 룬 문자: 룬스 초보 가이드,ancient-rune-letters
룬 문자 변환,22,tools_tattoo,utility_or_creation,manual_seed,룬 문자 변환: 룬스 초보 가이드,rune-letters-converter
룬 문자 타투,22,tools_tattoo,utility_or_creation,manual_seed,룬 문자 타투: 룬스 초보 가이드,rune-letters-tattoo
룬 오라클 카드,22,general,general,manual_seed,룬 오라클 카드: 룬스 초보 가이드,rune-oracle-cards
룬 카드,22,general,general,manual_seed,룬 카드: 룬스 초보 가이드,rune-cards
바이킹 룬 문자,22,history,history_factcheck,manual_seed,바이킹 룬 문자: 룬스 초보 가이드,viking-rune-letters
바인드 룬,22,bind_runes,utility_or_creation,manual_seed,바인드 룬은 마음대로 만들어도 될까?,bind-runes-guide
북유럽 룬 문자,22,history,history_factcheck,manual_seed,북유럽 룬 문자: 룬스 초보 가이드,norse-rune-letters
빈 룬,22,general,general,manual_seed,빈 룬은 진짜 25번째 룬일까?,blank-rune-25th-rune
bind runes and their meanings,20,bind_runes,meaning_lookup,google_suggest_ko_KR|google_suggest_en_US,bind runes and their meanings: 룬스 초보 가이드,bind-runes-and-their-meanings
bind runes elder futhark,20,elder_futhark,utility_or_creation,google_suggest_ko_KR,bind runes elder futhark: 엘더 푸사르크 입문자가 헷갈리는 핵심 정리,bind-runes-elder-futhark
bind runes meaning,20,bind_runes,meaning_lookup,google_suggest_en_US,bind runes meaning: 룬스 초보 가이드,bind-runes-meaning
elder futhark,20,elder_futhark,history_factcheck,google_suggest_ko_KR|google_suggest_en_US,elder futhark: 엘더 푸사르크 입문자가 헷갈리는 핵심 정리,elder-futhark
elder futhark alphabet,20,elder_futhark,meaning_lookup,google_suggest_en_US,elder futhark alphabet: 엘더 푸사르크 입문자가 헷갈리는 핵심 정리,elder-futhark-alphabet
elder futhark font,20,elder_futhark,utility_or_creation,google_suggest_ko_KR|google_suggest_en_US,elder futhark font: 엘더 푸사르크 입문자가 헷갈리는 핵심 정리,elder-futhark-font
elder futhark list,20,elder_futhark,meaning_lookup,google_suggest_ko_KR,elder futhark list: 엘더 푸사르크 입문자가 헷갈리는 핵심 정리,elder-futhark-list
elder futhark meanings,20,elder_futhark,meaning_lookup,google_suggest_ko_KR|google_suggest_en_US,elder futhark meanings: 엘더 푸사르크 입문자가 헷갈리는 핵심 정리,elder-futhark-meanings
elder futhark rune meanings,20,elder_futhark,meaning_lookup,google_suggest_ko_KR,elder futhark rune meanings: 엘더 푸사르크 입문자가 헷갈리는 핵심 정리,elder-futhark-rune-meanings
elder futhark rune translator,20,elder_futhark,utility_or_creation,google_suggest_ko_KR,elder futhark rune translator: 엘더 푸사르크 입문자가 헷갈리는 핵심 정리,elder-futhark-rune-translator
elder futhark runes,20,elder_futhark,history_factcheck,google_suggest_ko_KR|google_suggest_en_US,elder futhark runes: 엘더 푸사르크 입문자가 헷갈리는 핵심 정리,elder-futhark-runes
elder futhark runes alphabet,20,elder_futhark,meaning_lookup,google_suggest_ko_KR|google_suggest_en_US,elder futhark runes alphabet: 엘더 푸사르크 입문자가 헷갈리는 핵심 정리,elder-futhark-runes-alphabet
elder futhark runes meanings,20,elder_futhark,meaning_lookup,google_suggest_en_US,elder futhark runes meanings: 엘더 푸사르크 입문자가 헷갈리는 핵심 정리,elder-futhark-runes-meanings
elder futhark runes translator,20,elder_futhark,utility_or_creation,google_suggest_en_US,elder futhark runes translator: 엘더 푸사르크 입문자가 헷갈리는 핵심 정리,elder-futhark-runes-translator
elder futhark runic alphabet,20,elder_futhark,meaning_lookup,google_suggest_ko_KR|google_suggest_en_US,elder futhark runic alphabet: 엘더 푸사르크 입문자가 헷갈리는 핵심 정리,elder-futhark-runic-alphabet
elder futhark translator,20,elder_futhark,utility_or_creation,google_suggest_ko_KR|google_suggest_en_US,elder futhark translator: 엘더 푸사르크 입문자가 헷갈리는 핵심 정리,elder-futhark-translator
futhark runes and their meanings,20,elder_futhark,meaning_lookup,google_suggest_ko_KR|google_suggest_en_US,futhark runes and their meanings: 엘더 푸사르크 입문자가 헷갈리는 핵심 정리,futhark-runes-and-their-meanings
futhark runes meaning,20,elder_futhark,meaning_lookup,google_suggest_ko_KR|google_suggest_en_US,futhark runes meaning: 엘더 푸사르크 입문자가 헷갈리는 핵심 정리,futhark-runes-meaning
rune casting,20,casting,divination,google_suggest_ko_KR|google_suggest_en_US,rune casting: 룬스톤을 던져 읽는 법,rune-casting
rune casting board,20,casting,commercial,google_suggest_ko_KR|google_suggest_en_US,rune casting board: 룬스톤을 던져 읽는 법,rune-casting-board
rune casting cloth,20,casting,commercial,google_suggest_ko_KR|google_suggest_en_US,rune casting cloth: 룬스톤을 던져 읽는 법,rune-casting-cloth
rune casting divination,20,casting,divination,google_suggest_ko_KR|google_suggest_en_US,rune casting divination: 룬스톤을 던져 읽는 법,rune-casting-divination
rune casting guide,20,casting,how_to,google_suggest_ko_KR|google_suggest_en_US,rune casting guide: 룬스톤을 던져 읽는 법,rune-casting-guide
rune casting layouts,20,casting,how_to,google_suggest_ko_KR|google_suggest_en_US,rune casting layouts: 룬스톤을 던져 읽는 법,rune-casting-layouts
rune casting mat,20,casting,commercial,google_suggest_ko_KR|google_suggest_en_US,rune casting mat: 룬스톤을 던져 읽는 법,rune-casting-mat
rune casting meaning,20,casting,meaning_lookup,google_suggest_ko_KR|google_suggest_en_US,rune casting meaning: 룬스톤을 던져 읽는 법,rune-casting-meaning
rune casting methods,20,casting,how_to,google_suggest_ko_KR|google_suggest_en_US,rune casting methods: 룬스톤을 던져 읽는 법,rune-casting-methods
rune casting online,20,casting,divination,google_suggest_ko_KR|google_suggest_en_US,rune casting online: 룬스톤을 던져 읽는 법,rune-casting-online
rune meaning,20,meanings,meaning_lookup,google_suggest_ko_KR|google_suggest_en_US,rune meaning: 룬 문자 뜻과 해석 기준,rune-meaning
rune meaning ansuz,20,meanings,meaning_lookup,google_suggest_ko_KR,rune meaning ansuz: 룬 문자 뜻과 해석 기준,rune-meaning-ansuz
rune meaning chart,20,meanings,meaning_lookup,google_suggest_ko_KR|google_suggest_en_US,rune meaning chart: 룬 문자 뜻과 해석 기준,rune-meaning-chart
rune meaning dagaz,20,meanings,meaning_lookup,google_suggest_ko_KR,rune meaning dagaz: 룬 문자 뜻과 해석 기준,rune-meaning-dagaz
rune meaning in bengali,20,meanings,meaning_lookup,google_suggest_en_US,rune meaning in bengali: 룬 문자 뜻과 해석 기준,rune-meaning-in-bengali
rune meaning in english,20,meanings,meaning_lookup,google_suggest_en_US,rune meaning in english: 룬 문자 뜻과 해석 기준,rune-meaning-in-english
rune meaning in hindi,20,meanings,meaning_lookup,google_suggest_en_US,rune meaning in hindi: 룬 문자 뜻과 해석 기준,rune-meaning-in-hindi
rune meaning in tamil,20,meanings,meaning_lookup,google_suggest_en_US,rune meaning in tamil: 룬 문자 뜻과 해석 기준,rune-meaning-in-tamil
rune meaning in urdu,20,meanings,meaning_lookup,google_suggest_en_US,rune meaning in urdu: 룬 문자 뜻과 해석 기준,rune-meaning-in-urdu
rune meaning isa,20,meanings,meaning_lookup,google_suggest_ko_KR,rune meaning isa: 룬 문자 뜻과 해석 기준,rune-meaning-isa
rune meaning light,20,meanings,meaning_lookup,google_suggest_ko_KR,rune meaning light: 룬 문자 뜻과 해석 기준,rune-meaning-light
rune meaning love,20,meanings,meaning_lookup,google_suggest_ko_KR,rune meaning love: 룬 문자 뜻과 해석 기준,rune-meaning-love
rune meaning name,20,meanings,meaning_lookup,google_suggest_en_US,rune meaning name: 룬 문자 뜻과 해석 기준,rune-meaning-name
rune meaning nauthiz,20,meanings,meaning_lookup,google_suggest_ko_KR,rune meaning nauthiz: 룬 문자 뜻과 해석 기준,rune-meaning-nauthiz
rune meaning perthro,20,meanings,meaning_lookup,google_suggest_ko_KR,rune meaning perthro: 룬 문자 뜻과 해석 기준,rune-meaning-perthro
rune meaning tiwaz,20,meanings,meaning_lookup,google_suggest_ko_KR,rune meaning tiwaz: 룬 문자 뜻과 해석 기준,rune-meaning-tiwaz
rune meanings elder futhark,20,elder_futhark,meaning_lookup,google_suggest_en_US,rune meanings elder futhark: 엘더 푸사르크 입문자가 헷갈리는 핵심 정리,rune-meanings-elder-futhark
rune meanings norse,20,meanings,meaning_lookup,google_suggest_en_US,rune meanings norse: 룬 문자 뜻과 해석 기준,rune-meanings-norse
rune reading free,20,reading,divination,google_suggest_ko_KR|google_suggest_en_US,rune reading free: 룬스 초보 가이드,rune-reading-free
rune reading guide,20,reading,how_to,google_suggest_ko_KR|google_suggest_en_US,rune reading guide: 룬스 초보 가이드,rune-reading-guide
rune reading meaning,20,reading,meaning_lookup,google_suggest_ko_KR|google_suggest_en_US,rune reading meaning: 룬스 초보 가이드,rune-reading-meaning
rune reading online,20,reading,divination,google_suggest_ko_KR|google_suggest_en_US,rune reading online: 룬스 초보 가이드,rune-reading-online
rune reading online free,20,reading,divination,google_suggest_ko_KR|google_suggest_en_US,rune reading online free: 룬스 초보 가이드,rune-reading-online-free
rune stones,20,rune_stones,general,google_suggest_ko_KR|google_suggest_en_US,rune stones: 룬스 초보 가이드,rune-stones
rune stones and their meanings,20,rune_stones,meaning_lookup,google_suggest_ko_KR|google_suggest_en_US,rune stones and their meanings: 룬스 초보 가이드,rune-stones-and-their-meanings
rune stones for divination,20,rune_stones,divination,google_suggest_en_US,rune stones for divination: 룬스 초보 가이드,rune-stones-for-divination
rune stones for sale,20,rune_stones,commercial,google_suggest_ko_KR|google_suggest_en_US,rune stones for sale: 룬스 초보 가이드,rune-stones-for-sale
rune stones how to use,20,rune_stones,how_to,google_suggest_ko_KR,rune stones how to use: 초보자가 먼저 알아야 할 사용 순서,rune-stones-how-to-use
rune stones meanings,20,rune_stones,meaning_lookup,google_suggest_en_US,rune stones meanings: 룬스 초보 가이드,rune-stones-meanings
rune stones oblivion,20,rune_stones,general,google_suggest_en_US,rune stones oblivion: 룬스 초보 가이드,rune-stones-oblivion
rune stones reading,20,rune_stones,divination,google_suggest_en_US,rune stones reading: 룬스 초보 가이드,rune-stones-reading
rune stones set,20,rune_stones,commercial,google_suggest_ko_KR|google_suggest_en_US,rune stones set: 룬스 초보 가이드,rune-stones-set
rune stones sweden,20,rune_stones,general,google_suggest_ko_KR,rune stones sweden: 룬스 초보 가이드,rune-stones-sweden
rune stones symbols,20,rune_stones,meaning_lookup,google_suggest_ko_KR|google_suggest_en_US,rune stones symbols: 룬스 초보 가이드,rune-stones-symbols
rune stones uk,20,rune_stones,general,google_suggest_ko_KR,rune stones uk: 룬스 초보 가이드,rune-stones-uk
runes meaning,20,meanings,meaning_lookup,google_suggest_en_US,runes meaning: 룬 문자 뜻과 해석 기준,runes-meaning
룬 문자 배우기,18,general,general,naver_ac,룬 문자 배우기: 룬스 초보 가이드,rune-letters
룬 문자 책,18,general,general,naver_ac,룬 문자 책: 룬스 초보 가이드,rune-letters
룬느,18,general,general,naver_ac,룬느: 룬스 초보 가이드,rune
룬문자 읽는법,18,general,general,naver_ac,룬문자 읽는법: 룬스 초보 가이드,rune-letters
runes 뜻,18,meanings,meaning_lookup,naver_ac,runes 뜻: 룬 문자 뜻과 해석 기준,runes-meaning
bind runes,15,bind_runes,utility_or_creation,google_suggest_en_US,bind runes: 룬스 초보 가이드,bind-runes
bind runes alphabet,15,elder_futhark,meaning_lookup,google_suggest_ko_KR,bind runes alphabet: 엘더 푸사르크 입문자가 헷갈리는 핵심 정리,bind-runes-alphabet
bind runes for love,15,bind_runes,utility_or_creation,google_suggest_en_US,bind runes for love: 룬스 초보 가이드,bind-runes-for-love
bind runes for money,15,bind_runes,utility_or_creation,google_suggest_ko_KR|google_suggest_en_US,bind runes for money: 룬스 초보 가이드,bind-runes-for-money
bind runes for protection,15,bind_runes,utility_or_creation,google_suggest_en_US,bind runes for protection: 룬스 초보 가이드,bind-runes-for-protection
bind runes for strength,15,bind_runes,utility_or_creation,google_suggest_ko_KR,bind runes for strength: 룬스 초보 가이드,bind-runes-for-strength
bind runes generator,15,bind_runes,utility_or_creation,google_suggest_ko_KR|google_suggest_en_US,bind runes generator: 룬스 초보 가이드,bind-runes-generator
bind runes list,15,bind_runes,meaning_lookup,google_suggest_ko_KR|google_suggest_en_US,bind runes list: 룬스 초보 가이드,bind-runes-list
bind runes symbols,15,bind_runes,meaning_lookup,google_suggest_en_US,bind runes symbols: 룬스 초보 가이드,bind-runes-symbols
bind runes tattoo,15,bind_runes,utility_or_creation,google_suggest_ko_KR|google_suggest_en_US,bind runes tattoo: 룬스 초보 가이드,bind-runes-tattoo
bind runes tattoo ideas,15,bind_runes,utility_or_creation,google_suggest_ko_KR,bind runes tattoo ideas: 룬스 초보 가이드,bind-runes-tattoo-ideas
bind runes witchcraft,15,bind_runes,utility_or_creation,google_suggest_ko_KR,bind runes witchcraft: 룬스 초보 가이드,bind-runes-witchcraft
futhark runes,15,elder_futhark,history_factcheck,google_suggest_ko_KR|google_suggest_en_US,futhark runes: 엘더 푸사르크 입문자가 헷갈리는 핵심 정리,futhark-runes
futhark runes alphabet,15,elder_futhark,meaning_lookup,google_suggest_ko_KR|google_suggest_en_US,futhark runes alphabet: 엘더 푸사르크 입문자가 헷갈리는 핵심 정리,futhark-runes-alphabet
futhark runes canada,15,elder_futhark,history_factcheck,google_suggest_ko_KR,futhark runes canada: 엘더 푸사르크 입문자가 헷갈리는 핵심 정리,futhark-runes-canada
futhark runes compass,15,elder_futhark,history_factcheck,google_suggest_en_US,futhark runes compass: 엘더 푸사르크 입문자가 헷갈리는 핵심 정리,futhark-runes-compass
futhark runes copy paste,15,elder_futhark,utility_or_creation,google_suggest_ko_KR,futhark runes copy paste: 엘더 푸사르크 입문자가 헷갈리는 핵심 정리,futhark-runes-copy-paste
futhark runes font,15,elder_futhark,utility_or_creation,google_suggest_ko_KR|google_suggest_en_US,futhark runes font: 엘더 푸사르크 입문자가 헷갈리는 핵심 정리,futhark-runes-font
futhark runes pronunciation,15,elder_futhark,history_factcheck,google_suggest_ko_KR|google_suggest_en_US,futhark runes pronunciation: 엘더 푸사르크 입문자가 헷갈리는 핵심 정리,futhark-runes-pronunciation
futhark runes set,15,elder_futhark,commercial,google_suggest_en_US,futhark runes set: 엘더 푸사르크 입문자가 헷갈리는 핵심 정리,futhark-runes-set
futhark runes tattoo,15,elder_futhark,utility_or_creation,google_suggest_ko_KR|google_suggest_en_US,futhark runes tattoo: 엘더 푸사르크 입문자가 헷갈리는 핵심 정리,futhark-runes-tattoo
futhark runes translator,15,elder_futhark,utility_or_creation,google_suggest_ko_KR|google_suggest_en_US,futhark runes translator: 엘더 푸사르크 입문자가 헷갈리는 핵심 정리,futhark-runes-translator
rune,15,general,general,google_suggest_ko_KR|google_suggest_en_US|naver_ac,rune: 룬스 초보 가이드,rune
rune dice,15,general,general,google_suggest_ko_KR,rune dice: 룬스 초보 가이드,rune-dice
rune reading,15,reading,divination,google_suggest_ko_KR|google_suggest_en_US,rune reading: 룬스 초보 가이드,rune-reading
rune reading app,15,reading,commercial,google_suggest_ko_KR|google_suggest_en_US,rune reading app: 룬스 초보 가이드,rune-reading-app
rune reading book,15,reading,commercial,google_suggest_ko_KR|google_suggest_en_US,rune reading book: 룬스 초보 가이드,rune-reading-book
rune reading layouts,15,reading,how_to,google_suggest_ko_KR|google_suggest_en_US,rune reading layouts: 룬스 초보 가이드,rune-reading-layouts
rune reading spreads,15,reading,how_to,google_suggest_ko_KR|google_suggest_en_US,rune reading spreads: 룬스 초보 가이드,rune-reading-spreads
runes,15,general,general,google_suggest_ko_KR,runes: 룬스 초보 가이드,runes
runes of magic,15,general,general,google_suggest_ko_KR,runes of magic: 룬스 초보 가이드,runes-of-magic
runes sailor piece,15,general,general,google_suggest_en_US,runes sailor piece: 룬스 초보 가이드,runes-sailor-piece
runeseeker's call,15,general,general,google_suggest_ko_KR,runeseeker's call: 룬스 초보 가이드,runeseeker-s-call
runestone,15,rune_stones,general,google_suggest_en_US|google_suggest_ko_KR,runestone: 룬스 초보 가이드,runestone
runestone academy,15,rune_stones,general,google_suggest_en_US|google_suggest_ko_KR,runestone academy: 룬스 초보 가이드,runestone-academy
runestone problem solving,15,rune_stones,general,google_suggest_en_US,runestone problem solving: 룬스 초보 가이드,runestone-problem-solving
runestone rumbles,15,rune_stones,general,google_suggest_en_US,runestone rumbles: 룬스 초보 가이드,runestone-rumbles
runestorm,15,general,general,google_suggest_ko_KR,runestorm: 룬스 초보 가이드,runestorm
rune stone,10,general,general,naver_ac,rune stone: 룬스 초보 가이드,rune-stone
